{
  "id": 2,
  "nombre": "Nonograma Demo 2",
  "dificultad": "facil",
  "gridSize": 5,
  "pistasFilas": [
    [
      1
    ],
    [
      3
    ],
    [
      1
    ],
    [
      2
    ],
    [
      1
    ]
  ],
  "pistasColumnas": [
    [
      1
    ],
    [
      1
    ],
    [
      2
    ],
    [
      1
    ],
    [
      1
    ]
  ],
  "solucion": [
    [
      false,
      true,
      false,
      false,
      false
    ],
    [
      true,
      true,
      true,
      false,
      false
    ],
    [
      false,
      true,
      false,
      false,
      false
    ],
    [
      false,
      true,
      true,
      false,
      false
    ],
    [
      false,
      false,
      true,
      false,
      false
    ]
  ]
}